image,labels
800113bb65efe69e.jpg,0
8002cb321f8bfcdf.jpg,1
80070f7fb5e2ccaa.jpg,2
80077517781fb94f.jpg,2
800cbf0ff87721f8.jpg,3
800edef467d27c15.jpg,0
800f85dc5f407aef.jpg,4
801d6dcd96e48ebc.jpg,0
801f78399a44e7af.jpg,3
8021b94d437eb7d3.jpg,0
802291cee9fec9f4.jpg,3
80230a9a3f7a9f6b.jpg,2
8023c3f31f875b6c.jpg,0
80261f473eafb92c.jpg,2
80273091d9e9bddb.jpg,5
802962dc3ecdbb8d.jpg,2
802969daaddbbc8c.jpg,2
802b34badefa2ed0.jpg,2
802b59956a7aa5e7.jpg,0
802f4bbd295063fe.jpg,2
802f7439ec1ef0cd.jpg,6
8030a3a79fca6abb.jpg,4
803270d4d78faeba.jpg,2
8032d2eafa45f1ec.jpg,2
80331e0efb74dd62.jpg,0
803553d5df59cac2.jpg,2
803b586d7db3ca16.jpg,4
803bcb65f486e39a.jpg,0
803e3bd17a16e65c.jpg,3
803e3e74737c314d.jpg,2
803e60cf3c64e1fe.jpg,0
803f621b4757e0af.jpg,5
803f658f8cc35ce3.jpg,2
803f899768b5b789.jpg,4
804a9db4c7daf436.jpg,2
804e1eda54919fbb.jpg,0
804e673e9ec3d12b.jpg,0
8052c7272b3b3f5c.jpg,3
8054952d7a8bacbf.jpg,3
80563fc5e3ca1b3c.jpg,6
805763bc63dc5ec8.jpg,0
805fac7a36ea178c.jpg,2
806878cdcb8df99a.jpg,1
806b46cce99acedc.jpg,5
806d7d0df8cae3c2.jpg,6
806f356a3f54872e.jpg,2
80707683b3df0f1b.jpg,0
8072861fcb8fb46d.jpg,5
80729ba9dd175cf0.jpg,5
8075fbf90600e5fa.jpg,6
80769797ce42f658.jpg,7
80782fca6a9f559c.jpg,2
80789c79f4d1a3d3.jpg,0
8079176b1b970bda.jpg,2
807947b90eb77856.jpg,4
807dcd0bd2b0b6b9.jpg,5
807f3b90f2a315da.jpg,5
8081cf8f63250ff7.jpg,3
80825b2e837f697d.jpg,0
8083e6ccd8d5dce3.jpg,5
8085373ad255b5af.jpg,2
8085d341ee57f03f.jpg,2
808734da3f595b59.jpg,8
808778b03ee7e92b.jpg,0
8087be2e6f41e25e.jpg,5
808990fd0a8f7f8f.jpg,2
808b6f258f76ac72.jpg,5
808c7cabba2f9572.jpg,4
808d2f39f597f406.jpg,6
808f606a2be5fa1f.jpg,2
808f87c54a5cbfa3.jpg,2
808f897fa9e2adb0.jpg,4
80903293f2f9f7f0.jpg,2
809106ca5fc7735f.jpg,3
809339deb2d6a50f.jpg,2
80933fcc6a673636.jpg,9
80939571de62d5b6.jpg,5
809495769b64f3b5.jpg,10
8095c68bf924ab77.jpg,5
8096787430575fcf.jpg,0
809795d79fc0991d.jpg,2
8099f06ff22eb915.jpg,5
809a1f3ddfe49e20.jpg,5
809c3fc2796fd84a.jpg,4
809cf0cbcf86271f.jpg,2
809e3fc0cbac7c59.jpg,0
809f7a96a508f43f.jpg,5
809f7a9f5af618a0.jpg,2
80a047cd9aa9fb4f.jpg,2
80a06ecffc53017f.jpg,5
80a13fcd9a4fb14b.jpg,0
80a23bcea7125a7f.jpg,2
80a2c93fd2d9655d.jpg,0
80a4c7f6ad9a55d8.jpg,0
80a5a17f5e48697d.jpg,0
80a63b53ff0b0bb1.jpg,3
80a6d5c08ae6e5bf.jpg,2
80a747d86ae9abe2.jpg,2
80a7cecb3616b633.jpg,0
80a874f5fb9295d8.jpg,2
80a9db3783f16366.jpg,3
80aa53172b9fc78d.jpg,0
80aaeaaa275d5e36.jpg,0
80abc9d697ec22b6.jpg,0
80acd65fd76ac8a4.jpg,2
80acda383e3367cd.jpg,0
80af5fce149ca4f4.jpg,0
80af63966d9272e9.jpg,0
80afa0c630faab7d.jpg,3
80b075dfc24bb725.jpg,0
80b0b0dacf697db4.jpg,0
80b0c5d6d7ce83dc.jpg,4
80b3a893ed3a2f3c.jpg,2
80b46aea80b7dead.jpg,5
80b4a4d8d2f2db5b.jpg,5
80b4b62f1232e6fb.jpg,5
80b6bbe5c17f098a.jpg,3
80ba65f7c2bc17d0.jpg,2
80bc2cd4f322babe.jpg,3
80bc7d353e163e85.jpg,6
80bcfd9f60f06307.jpg,6
80bf1f99964852fc.jpg,2
80bf21a07dfcf047.jpg,5
80bf2381975655d7.jpg,2
80bf2d68de485ad6.jpg,2
80bf683dd70c3fa0.jpg,2
80bf79836d86936c.jpg,5
80c190d95bf963f6.jpg,0
80c23fcf63786e70.jpg,0
80c43018ef70fef7.jpg,2
80c5d3895739ff50.jpg,2
80c61d6b492d76b7.jpg,0
80c8caceaf7e343a.jpg,5
80ca8fea677591d1.jpg,7
80cac5abcfa9c9b4.jpg,0
80ce88a60dfc33fb.jpg,5
80cf38907f9d631d.jpg,2
80cf78c9370bf22e.jpg,2
80cfef794308bf18.jpg,3
80d32f977a83d0ea.jpg,3
80d3d90ae89717fc.jpg,2
80d457877e3d1cb8.jpg,3
80d5d5567d2a2aab.jpg,5
80d72f999a956d86.jpg,0
80d76587b00f9d5e.jpg,7
80da389dc24f393f.jpg,4
80dcc12cc917ef5d.jpg,0
80dd5ee13c50b78d.jpg,2
80decb70b3295bb2.jpg,0
80df68fa0c30fd95.jpg,3
80e0699f1d1b373d.jpg,4
80e0754ad0ef1f1f.jpg,4
80e0debc5a9a635d.jpg,2
80e2c3d2afc9782f.jpg,0
80e39e21c97a3f87.jpg,2
80e72f5c4dfc58e0.jpg,2
80e73692da7da790.jpg,5
80e83fd5bf0f7028.jpg,2
80ea75af4276ad29.jpg,2
80eb625c157374f5.jpg,5
80eb96948bd68f9a.jpg,0
80ebf6c08f87413f.jpg,2
80ee3116d267bae3.jpg,3
80ef3f8fc2c0f1e0.jpg,7
80ef45b66491e3f8.jpg,2
80efccd95ab1256c.jpg,6
80f09587dfc7988e.jpg,4
80f16ecf7844c5b5.jpg,4
80f4549ce81eefe1.jpg,0
80f515f574cb609e.jpg,0
80f816d6cecb8b87.jpg,0
80f8cdc9854f756a.jpg,6
80fac59d5be8a0e5.jpg,3
80fb7d79f090434b.jpg,5
80fc1ee02d0b67eb.jpg,2
80fdcd4466543b79.jpg,5
80fe30e308cf2f9d.jpg,7
80ff66cd84241ef6.jpg,2
80ffcfe49bc0a6a0.jpg,5
8110a4d859b7f8fe.jpg,5
811598a55ef8297f.jpg,0
8116dfcc0ccf6636.jpg,8
811b2bd335e9cb16.jpg,0
811f8189e9cb2bfa.jpg,2
8125cbde3f2181d7.jpg,0
812a9ac1796bf5c3.jpg,0
812b87c3326c97bb.jpg,4
812e5f86f61ec31c.jpg,0
812e97758e92c9b6.jpg,5
81352f0c4c5efa9b.jpg,6
813b28597df0abd2.jpg,0
813d9f9036df9688.jpg,5
813fcb087e9b32e2.jpg,2
813fe22dc37e4750.jpg,0
81405ffffafcc020.jpg,2
81472f8f6acad7c0.jpg,5
81473fd07c97c433.jpg,2
8152cfbd5a28b5d2.jpg,4
81562be0a93f55f4.jpg,3
8158a7b8c3b16a77.jpg,6
815e75d0d82f0fca.jpg,6
8161733dfc3c1c65.jpg,4
8165a5c5a7583d76.jpg,2
816b93c24a07f6de.jpg,0
816d69d2153fe84b.jpg,0
816d8555e2b45e37.jpg,2
816f6df104967aaa.jpg,5
81711f836c3e2d2f.jpg,5
817127c56f87c3c5.jpg,5
8176d36be18d6133.jpg,2
817c36d1603f75b2.jpg,3
817c6e35291fa11f.jpg,5
817e97dad0c33ae0.jpg,2
817f9181f93ef288.jpg,2
8181321fe6f2cf27.jpg,5
8181f51ede75ca23.jpg,5
818209afc56f2fdc.jpg,2
8182cdbe52686ebd.jpg,1
8185e94b5a4b5f0f.jpg,2
8186c8fe2a1f3b39.jpg,0
818789d9d752247f.jpg,7
8187ff5f8d687022.jpg,5
8189697c4f3fd624.jpg,3
818a15d52bb75f0e.jpg,0
818a4bcfdb78385c.jpg,3
818ad34b7a6ab59c.jpg,0
818bba9d38f8bc54.jpg,0
818d272194737ebe.jpg,2
818f565c8eabd724.jpg,5
818f5a94394beb4e.jpg,2
81913ad253daf3b1.jpg,2
8192743f44f1d9ad.jpg,6
81935a3879e1f68e.jpg,0
8193ea38ede4e586.jpg,7
8196e2d8b66ed721.jpg,4
819a123b5a157ff2.jpg,0
819a69e3eb4e1b4c.jpg,4
819c8fd2754f526c.jpg,0
819ccb788637f0d3.jpg,2
819d7d91a7f81664.jpg,5
819e1fd0933b4f43.jpg,4
819e2f789d61e1cc.jpg,2
819e38358d32cf2f.jpg,0
819f1fa0e0a1f774.jpg,7
81a063b69c99ed9e.jpg,4
81a0bf90db97946e.jpg,0
81a1ca9c95b9d9d9.jpg,3
81a1d3d74b4e746c.jpg,2
81a2b7d5aa80dd3e.jpg,5
81a38b724bf23e93.jpg,2
81a3b719b6c2b4da.jpg,6
81a47739c906bda7.jpg,5
81a4b61d186f2dd7.jpg,4
81a54bd49ac7fa4a.jpg,2
81a569f5e71b3213.jpg,0
81a631b35d2730fb.jpg,3
81a63d7ef8245a72.jpg,6
81a8f5d54427c87f.jpg,2
81aa353e9416cafe.jpg,2
81aba2e1c0f7fce0.jpg,7
81ac5556de2a3ed2.jpg,6
81ad1d4bed8b20fa.jpg,3
81ad7be53c567052.jpg,2
81ae4e721bc9277a.jpg,0
81b09bc35d29cb67.jpg,7
81b17182cf9327db.jpg,2
81b23de294969e6e.jpg,2
81b331e1c1720fdf.jpg,0
81b3556b9595ab4c.jpg,4
81b3f17d0c24ff03.jpg,0
81b4639b9c72790f.jpg,4
81b497c66e6670b5.jpg,9
